{"force_loss": 3922.275146484375, "cop_loss": 136.98072814941406, "moment_loss": 1.7577669620513916, "wrench_loss": 4836.4619140625, "loss": 8897.4755859375, "Force Avg Err (N/kg)": 3.6663384437561035, "Force Avg Err (%)": 56.18788528442383, "CoP Avg Err (m)": 0.2748628854751587, "Moment Avg Err (Nm/kg)": 0.07204769551753998, "Wrench Force Avg Err (N/kg)": 3.66715669631958, "Wrench Moment Avg Err (Nm/kg)": 0.9230453670024872, "Non-root Joint Torques (Inverse Dynamics) Avg Err (Nm/kg)": 199.17633696451455, "_timestamp": 1698006689.81152, "_runtime": 243.70261406898499, "_step": 6745, "_wandb": {"runtime": 243}}