{"force_loss": 5390.29248046875, "cop_loss": 2348.55712890625, "moment_loss": 12.131420135498047, "wrench_loss": 5768.0732421875, "loss": 13519.0546875, "Force Avg Err (N/kg)": 2.9522368907928467, "Force Avg Err (%)": 48.42333221435547, "CoP Avg Err (m)": 0.6159908771514893, "Moment Avg Err (Nm/kg)": 0.07446721941232681, "Wrench Force Avg Err (N/kg)": 2.9503984451293945, "Wrench Moment Avg Err (Nm/kg)": 0.927623987197876, "Non-root Joint Torques (Inverse Dynamics) Avg Err (Nm/kg)": 188.31464373579706, "_timestamp": 1698006243.792164, "_runtime": 94.14629411697388, "_step": 1414, "_wandb": {"runtime": 93}}