{"force_loss": 5380.0244140625, "cop_loss": 2188.994140625, "moment_loss": 4.885279655456543, "wrench_loss": 5915.0849609375, "loss": 13488.98828125, "Force Avg Err (N/kg)": 3.5034070014953613, "Force Avg Err (%)": 56.67274856567383, "CoP Avg Err (m)": 4.069558620452881, "Moment Avg Err (Nm/kg)": 0.052744023501873016, "Wrench Force Avg Err (N/kg)": 3.5044056177139282, "Wrench Moment Avg Err (Nm/kg)": 0.900049090385437, "Non-root Joint Torques (Inverse Dynamics) Avg Err (Nm/kg)": 188.99661718925694, "_timestamp": 1698005811.33459, "_runtime": 332.1189248561859, "_step": 9858, "_wandb": {"runtime": 331}}