{"force_loss": 4387.626953125, "cop_loss": 807.648193359375, "moment_loss": 9.821474075317383, "wrench_loss": 4704.61572265625, "loss": 9909.712890625, "Force Avg Err (N/kg)": 3.2409896850585938, "Force Avg Err (%)": 53.842369079589844, "CoP Avg Err (m)": 0.614876389503479, "Moment Avg Err (Nm/kg)": 0.07780157029628754, "Wrench Force Avg Err (N/kg)": 3.2411670684814453, "Wrench Moment Avg Err (Nm/kg)": 0.7909025549888611, "Non-root Joint Torques (Inverse Dynamics) Avg Err (Nm/kg)": 157.04567164589398, "_timestamp": 1698007403.5746932, "_runtime": 222.58512616157532, "_step": 6000, "_wandb": {"runtime": 222}}